id;registered_name;organisation_name;vat_number;created_at;updated_at
1;tattoo jagged;vignette likely;whoa um;2024-08-26T06:20:39;2024-08-26T19:14:51
2;professionalise yet duh;throughout canopy procure;hub facsimile regulator;2024-08-26T14:00:21;2024-08-26T16:09:26
3;approach while;stunning;that lined entice;2024-08-25T22:17:01;2024-08-26T15:53:46
4;evenly;nearly likewise that;foundation supposing stupendous;2024-08-26T08:04:36;2024-08-26T03:13:17
5;whereas;universe mmm gleeful;whenever boulder yearningly;2024-08-26T10:49:29;2024-08-26T06:42:07
6;distance bah;under relent;table;2024-08-26T14:25:28;2024-08-26T13:16:35
7;villainous mid eek;lively toward;than fixed;2024-08-25T22:40:53;2024-08-26T19:13:51
8;yum into;whether;reply hourly um;2024-08-26T07:45:32;2024-08-26T19:02:06
9;remorseful hacienda writhing;creep ambiguity;acquaintance;2024-08-26T07:23:56;2024-08-26T09:05:09
10;inside at questioningly;um softball watcher;vivaciously;2024-08-26T04:32:38;2024-08-26T07:18:15
