id;firstname;lastname;email;position;phone;address;city;province;country;postal_code;registration_date
1;easily towards meh;in;Fiona_Borer18@yahoo.com;yuck tintype;1-271-255-6716;too;Heatherstad;recur hoof enquire;Timor-Leste;correspond catalyst whirlwind;2024-08-26T14:57:22
2;barring shameful;often artifact within;Raleigh_King80@gmail.com;gosh beef high-level;354.255.9980 x37562;beneath;Krajcikchester;discriminate;Costa Rica;trample swine;2024-08-26T15:56:57
3;warmly helpfully gosh;busy;Arlene_Schneider86@gmail.com;whenever immense;911-918-7870 x07109;forenenst;Fort Ernestina;fatally whereas;Kiribati;hmph brisk;2024-08-26T10:25:41
4;seriously;mmm overshoot after;Elmer97@gmail.com;sheepishly sound;970-926-7254;fondly doorbell who;Bryan;following yum;Norfolk Island;lasso;2024-08-26T07:00:12
5;ugh mug gifted;whereas unimpressively;Kirstin.Witting74@yahoo.com;thankful or tough;(476) 480-3260;censor whereas;Bogisichview;eurocentrism given;San Marino;only madly wonderfully;2024-08-26T19:04:34
6;zowie;oof;Annalise87@yahoo.com;pace;1-596-994-6445 x4152;zowie;New Trentonborough;where;Azerbaijan;eventually shortlist outside;2024-08-25T23:30:35
7;immense pinstripe;phooey;Nina_Collier-Jacobs12@hotmail.com;countenance train sophisticated;461.379.8362;after;Topeka;mastermind acorn warm;Equatorial Guinea;dilapidation nurture;2024-08-26T12:45:30
8;labourer shrilly;rap;Joannie_Walsh@hotmail.com;shirtdress meh;245.520.0824 x6908;shoreline owl;Indio;whenever bubbly someone;Togo;polite charm;2024-08-26T10:23:01
9;boo;throughout ugh;Adriana.Feeney@gmail.com;bah by;751-311-6980;pillow capital;Ryanview;eek;Gabon;fooey yieldingly when;2024-08-26T10:25:54
10;towards sham;bark;Linnie.Nicolas70@gmail.com;regarding;(382) 902-8127 x0538;little;Candaceworth;bah cloud;Puerto Rico;delight fitting;2024-08-26T16:41:33
